date_key,full_date,day,month,month_name,quarter,year,week_day_name,is_weekend
1,2022-12-01,1,12,December,4,2022,Thursday,False
2,2022-12-02,2,12,December,4,2022,Friday,False
3,2022-12-03,3,12,December,4,2022,Saturday,True
4,2022-12-04,4,12,December,4,2022,Sunday,True
5,2022-12-05,5,12,December,4,2022,Monday,False
6,2022-12-06,6,12,December,4,2022,Tuesday,False
7,2022-12-07,7,12,December,4,2022,Wednesday,False
8,2022-12-08,8,12,December,4,2022,Thursday,False
9,2022-12-09,9,12,December,4,2022,Friday,False
10,2022-12-10,10,12,December,4,2022,Saturday,True
11,2022-12-11,11,12,December,4,2022,Sunday,True
12,2022-12-12,12,12,December,4,2022,Monday,False
13,2022-12-13,13,12,December,4,2022,Tuesday,False
14,2022-12-14,14,12,December,4,2022,Wednesday,False
15,2022-12-15,15,12,December,4,2022,Thursday,False
16,2022-12-16,16,12,December,4,2022,Friday,False
17,2022-12-17,17,12,December,4,2022,Saturday,True
18,2022-12-18,18,12,December,4,2022,Sunday,True
19,2022-12-19,19,12,December,4,2022,Monday,False
20,2022-12-20,20,12,December,4,2022,Tuesday,False
21,2022-12-21,21,12,December,4,2022,Wednesday,False
22,2022-12-22,22,12,December,4,2022,Thursday,False
23,2022-12-23,23,12,December,4,2022,Friday,False
24,2022-12-24,24,12,December,4,2022,Saturday,True
25,2022-12-25,25,12,December,4,2022,Sunday,True
26,2022-12-26,26,12,December,4,2022,Monday,False
27,2022-12-27,27,12,December,4,2022,Tuesday,False
28,2022-12-28,28,12,December,4,2022,Wednesday,False
29,2022-12-29,29,12,December,4,2022,Thursday,False
30,2022-12-30,30,12,December,4,2022,Friday,False
31,2022-12-31,31,12,December,4,2022,Saturday,True
32,2023-01-01,1,1,January,1,2023,Sunday,True
33,2023-01-02,2,1,January,1,2023,Monday,False
34,2023-01-03,3,1,January,1,2023,Tuesday,False
35,2023-01-04,4,1,January,1,2023,Wednesday,False
36,2023-01-05,5,1,January,1,2023,Thursday,False
37,2023-01-06,6,1,January,1,2023,Friday,False
38,2023-01-07,7,1,January,1,2023,Saturday,True
39,2023-01-08,8,1,January,1,2023,Sunday,True
40,2023-01-09,9,1,January,1,2023,Monday,False
41,2023-01-10,10,1,January,1,2023,Tuesday,False
42,2023-01-11,11,1,January,1,2023,Wednesday,False
43,2023-01-12,12,1,January,1,2023,Thursday,False
44,2023-01-13,13,1,January,1,2023,Friday,False
45,2023-01-14,14,1,January,1,2023,Saturday,True
46,2023-01-15,15,1,January,1,2023,Sunday,True
47,2023-01-16,16,1,January,1,2023,Monday,False
48,2023-01-17,17,1,January,1,2023,Tuesday,False
49,2023-01-18,18,1,January,1,2023,Wednesday,False
50,2023-01-19,19,1,January,1,2023,Thursday,False
51,2023-01-20,20,1,January,1,2023,Friday,False
52,2023-01-21,21,1,January,1,2023,Saturday,True
53,2023-01-22,22,1,January,1,2023,Sunday,True
54,2023-01-23,23,1,January,1,2023,Monday,False
55,2023-01-24,24,1,January,1,2023,Tuesday,False
56,2023-01-25,25,1,January,1,2023,Wednesday,False
57,2023-01-26,26,1,January,1,2023,Thursday,False
58,2023-01-27,27,1,January,1,2023,Friday,False
59,2023-01-28,28,1,January,1,2023,Saturday,True
60,2023-01-29,29,1,January,1,2023,Sunday,True
61,2023-01-30,30,1,January,1,2023,Monday,False
62,2023-01-31,31,1,January,1,2023,Tuesday,False
63,2023-02-01,1,2,February,1,2023,Wednesday,False
64,2023-02-02,2,2,February,1,2023,Thursday,False
65,2023-02-03,3,2,February,1,2023,Friday,False
66,2023-02-04,4,2,February,1,2023,Saturday,True
67,2023-02-05,5,2,February,1,2023,Sunday,True
68,2023-02-06,6,2,February,1,2023,Monday,False
69,2023-02-07,7,2,February,1,2023,Tuesday,False
70,2023-02-08,8,2,February,1,2023,Wednesday,False
71,2023-02-09,9,2,February,1,2023,Thursday,False
72,2023-02-10,10,2,February,1,2023,Friday,False
73,2023-02-11,11,2,February,1,2023,Saturday,True
74,2023-02-12,12,2,February,1,2023,Sunday,True
75,2023-02-13,13,2,February,1,2023,Monday,False
76,2023-02-14,14,2,February,1,2023,Tuesday,False
77,2023-02-15,15,2,February,1,2023,Wednesday,False
78,2023-02-16,16,2,February,1,2023,Thursday,False
79,2023-02-17,17,2,February,1,2023,Friday,False
80,2023-02-18,18,2,February,1,2023,Saturday,True
81,2023-02-19,19,2,February,1,2023,Sunday,True
82,2023-02-20,20,2,February,1,2023,Monday,False
83,2023-02-21,21,2,February,1,2023,Tuesday,False
84,2023-02-22,22,2,February,1,2023,Wednesday,False
85,2023-02-23,23,2,February,1,2023,Thursday,False
86,2023-02-24,24,2,February,1,2023,Friday,False
87,2023-02-25,25,2,February,1,2023,Saturday,True
88,2023-02-26,26,2,February,1,2023,Sunday,True
89,2023-02-27,27,2,February,1,2023,Monday,False
90,2023-02-28,28,2,February,1,2023,Tuesday,False
91,2023-03-01,1,3,March,1,2023,Wednesday,False
92,2023-03-02,2,3,March,1,2023,Thursday,False
93,2023-03-03,3,3,March,1,2023,Friday,False
94,2023-03-04,4,3,March,1,2023,Saturday,True
95,2023-03-05,5,3,March,1,2023,Sunday,True
96,2023-03-06,6,3,March,1,2023,Monday,False
97,2023-03-07,7,3,March,1,2023,Tuesday,False
98,2023-03-08,8,3,March,1,2023,Wednesday,False
99,2023-03-09,9,3,March,1,2023,Thursday,False
100,2023-03-10,10,3,March,1,2023,Friday,False
101,2023-03-11,11,3,March,1,2023,Saturday,True
102,2023-03-12,12,3,March,1,2023,Sunday,True
103,2023-03-13,13,3,March,1,2023,Monday,False
104,2023-03-14,14,3,March,1,2023,Tuesday,False
105,2023-03-15,15,3,March,1,2023,Wednesday,False
106,2023-03-16,16,3,March,1,2023,Thursday,False
107,2023-03-17,17,3,March,1,2023,Friday,False
108,2023-03-18,18,3,March,1,2023,Saturday,True
109,2023-03-19,19,3,March,1,2023,Sunday,True
110,2023-03-20,20,3,March,1,2023,Monday,False
111,2023-03-21,21,3,March,1,2023,Tuesday,False
112,2023-03-22,22,3,March,1,2023,Wednesday,False
113,2023-03-23,23,3,March,1,2023,Thursday,False
114,2023-03-24,24,3,March,1,2023,Friday,False
115,2023-03-25,25,3,March,1,2023,Saturday,True
116,2023-03-26,26,3,March,1,2023,Sunday,True
117,2023-03-27,27,3,March,1,2023,Monday,False
118,2023-03-28,28,3,March,1,2023,Tuesday,False
119,2023-03-29,29,3,March,1,2023,Wednesday,False
120,2023-03-30,30,3,March,1,2023,Thursday,False
121,2023-03-31,31,3,March,1,2023,Friday,False
122,2023-04-01,1,4,April,2,2023,Saturday,True
123,2023-04-02,2,4,April,2,2023,Sunday,True
124,2023-04-03,3,4,April,2,2023,Monday,False
125,2023-04-04,4,4,April,2,2023,Tuesday,False
126,2023-04-05,5,4,April,2,2023,Wednesday,False
127,2023-04-06,6,4,April,2,2023,Thursday,False
128,2023-04-07,7,4,April,2,2023,Friday,False
129,2023-04-08,8,4,April,2,2023,Saturday,True
130,2023-04-09,9,4,April,2,2023,Sunday,True
131,2023-04-10,10,4,April,2,2023,Monday,False
132,2023-04-11,11,4,April,2,2023,Tuesday,False
133,2023-04-12,12,4,April,2,2023,Wednesday,False
134,2023-04-13,13,4,April,2,2023,Thursday,False
135,2023-04-14,14,4,April,2,2023,Friday,False
136,2023-04-15,15,4,April,2,2023,Saturday,True
137,2023-04-16,16,4,April,2,2023,Sunday,True
138,2023-04-17,17,4,April,2,2023,Monday,False
139,2023-04-18,18,4,April,2,2023,Tuesday,False
140,2023-04-19,19,4,April,2,2023,Wednesday,False
141,2023-04-20,20,4,April,2,2023,Thursday,False
142,2023-04-21,21,4,April,2,2023,Friday,False
143,2023-04-22,22,4,April,2,2023,Saturday,True
144,2023-04-23,23,4,April,2,2023,Sunday,True
145,2023-04-24,24,4,April,2,2023,Monday,False
146,2023-04-25,25,4,April,2,2023,Tuesday,False
147,2023-04-26,26,4,April,2,2023,Wednesday,False
148,2023-04-27,27,4,April,2,2023,Thursday,False
149,2023-04-28,28,4,April,2,2023,Friday,False
150,2023-04-29,29,4,April,2,2023,Saturday,True
151,2023-04-30,30,4,April,2,2023,Sunday,True
152,2023-05-01,1,5,May,2,2023,Monday,False
153,2023-05-02,2,5,May,2,2023,Tuesday,False
154,2023-05-03,3,5,May,2,2023,Wednesday,False
155,2023-05-04,4,5,May,2,2023,Thursday,False
156,2023-05-05,5,5,May,2,2023,Friday,False
157,2023-05-06,6,5,May,2,2023,Saturday,True
158,2023-05-07,7,5,May,2,2023,Sunday,True
159,2023-05-08,8,5,May,2,2023,Monday,False
160,2023-05-09,9,5,May,2,2023,Tuesday,False
161,2023-05-10,10,5,May,2,2023,Wednesday,False
162,2023-05-11,11,5,May,2,2023,Thursday,False
163,2023-05-12,12,5,May,2,2023,Friday,False
164,2023-05-13,13,5,May,2,2023,Saturday,True
165,2023-05-14,14,5,May,2,2023,Sunday,True
166,2023-05-15,15,5,May,2,2023,Monday,False
167,2023-05-16,16,5,May,2,2023,Tuesday,False
168,2023-05-17,17,5,May,2,2023,Wednesday,False
169,2023-05-18,18,5,May,2,2023,Thursday,False
170,2023-05-19,19,5,May,2,2023,Friday,False
171,2023-05-20,20,5,May,2,2023,Saturday,True
172,2023-05-21,21,5,May,2,2023,Sunday,True
173,2023-05-22,22,5,May,2,2023,Monday,False
174,2023-05-23,23,5,May,2,2023,Tuesday,False
175,2023-05-24,24,5,May,2,2023,Wednesday,False
176,2023-05-25,25,5,May,2,2023,Thursday,False
177,2023-05-26,26,5,May,2,2023,Friday,False
178,2023-05-27,27,5,May,2,2023,Saturday,True
179,2023-05-28,28,5,May,2,2023,Sunday,True
180,2023-05-29,29,5,May,2,2023,Monday,False
181,2023-05-30,30,5,May,2,2023,Tuesday,False
182,2023-05-31,31,5,May,2,2023,Wednesday,False
183,2023-06-01,1,6,June,2,2023,Thursday,False
184,2023-06-02,2,6,June,2,2023,Friday,False
185,2023-06-03,3,6,June,2,2023,Saturday,True
186,2023-06-04,4,6,June,2,2023,Sunday,True
187,2023-06-05,5,6,June,2,2023,Monday,False
188,2023-06-06,6,6,June,2,2023,Tuesday,False
189,2023-06-07,7,6,June,2,2023,Wednesday,False
190,2023-06-08,8,6,June,2,2023,Thursday,False
191,2023-06-09,9,6,June,2,2023,Friday,False
192,2023-06-10,10,6,June,2,2023,Saturday,True
193,2023-06-11,11,6,June,2,2023,Sunday,True
194,2023-06-12,12,6,June,2,2023,Monday,False
195,2023-06-13,13,6,June,2,2023,Tuesday,False
196,2023-06-14,14,6,June,2,2023,Wednesday,False
197,2023-06-15,15,6,June,2,2023,Thursday,False
198,2023-06-16,16,6,June,2,2023,Friday,False
199,2023-06-17,17,6,June,2,2023,Saturday,True
200,2023-06-18,18,6,June,2,2023,Sunday,True
201,2023-06-19,19,6,June,2,2023,Monday,False
202,2023-06-20,20,6,June,2,2023,Tuesday,False
203,2023-06-21,21,6,June,2,2023,Wednesday,False
204,2023-06-22,22,6,June,2,2023,Thursday,False
205,2023-06-23,23,6,June,2,2023,Friday,False
206,2023-06-24,24,6,June,2,2023,Saturday,True
207,2023-06-25,25,6,June,2,2023,Sunday,True
208,2023-06-26,26,6,June,2,2023,Monday,False
209,2023-06-27,27,6,June,2,2023,Tuesday,False
210,2023-06-28,28,6,June,2,2023,Wednesday,False
211,2023-06-29,29,6,June,2,2023,Thursday,False
212,2023-06-30,30,6,June,2,2023,Friday,False
213,2023-07-01,1,7,July,3,2023,Saturday,True
214,2023-07-02,2,7,July,3,2023,Sunday,True
215,2023-07-03,3,7,July,3,2023,Monday,False
216,2023-07-04,4,7,July,3,2023,Tuesday,False
217,2023-07-05,5,7,July,3,2023,Wednesday,False
218,2023-07-06,6,7,July,3,2023,Thursday,False
219,2023-07-07,7,7,July,3,2023,Friday,False
220,2023-07-08,8,7,July,3,2023,Saturday,True
221,2023-07-09,9,7,July,3,2023,Sunday,True
222,2023-07-10,10,7,July,3,2023,Monday,False
223,2023-07-11,11,7,July,3,2023,Tuesday,False
224,2023-07-12,12,7,July,3,2023,Wednesday,False
225,2023-07-13,13,7,July,3,2023,Thursday,False
226,2023-07-14,14,7,July,3,2023,Friday,False
227,2023-07-15,15,7,July,3,2023,Saturday,True
228,2023-07-16,16,7,July,3,2023,Sunday,True
229,2023-07-17,17,7,July,3,2023,Monday,False
230,2023-07-18,18,7,July,3,2023,Tuesday,False
231,2023-07-19,19,7,July,3,2023,Wednesday,False
232,2023-07-20,20,7,July,3,2023,Thursday,False
233,2023-07-21,21,7,July,3,2023,Friday,False
234,2023-07-22,22,7,July,3,2023,Saturday,True
235,2023-07-23,23,7,July,3,2023,Sunday,True
236,2023-07-24,24,7,July,3,2023,Monday,False
237,2023-07-25,25,7,July,3,2023,Tuesday,False
238,2023-07-26,26,7,July,3,2023,Wednesday,False
239,2023-07-27,27,7,July,3,2023,Thursday,False
240,2023-07-28,28,7,July,3,2023,Friday,False
241,2023-07-29,29,7,July,3,2023,Saturday,True
242,2023-07-30,30,7,July,3,2023,Sunday,True
243,2023-07-31,31,7,July,3,2023,Monday,False
244,2023-08-01,1,8,August,3,2023,Tuesday,False
245,2023-08-02,2,8,August,3,2023,Wednesday,False
246,2023-08-03,3,8,August,3,2023,Thursday,False
247,2023-08-04,4,8,August,3,2023,Friday,False
248,2023-08-05,5,8,August,3,2023,Saturday,True
249,2023-08-06,6,8,August,3,2023,Sunday,True
250,2023-08-07,7,8,August,3,2023,Monday,False
251,2023-08-08,8,8,August,3,2023,Tuesday,False
252,2023-08-09,9,8,August,3,2023,Wednesday,False
253,2023-08-10,10,8,August,3,2023,Thursday,False
254,2023-08-11,11,8,August,3,2023,Friday,False
255,2023-08-12,12,8,August,3,2023,Saturday,True
256,2023-08-13,13,8,August,3,2023,Sunday,True
257,2023-08-14,14,8,August,3,2023,Monday,False
258,2023-08-15,15,8,August,3,2023,Tuesday,False
259,2023-08-16,16,8,August,3,2023,Wednesday,False
260,2023-08-17,17,8,August,3,2023,Thursday,False
261,2023-08-18,18,8,August,3,2023,Friday,False
262,2023-08-19,19,8,August,3,2023,Saturday,True
263,2023-08-20,20,8,August,3,2023,Sunday,True
264,2023-08-21,21,8,August,3,2023,Monday,False
265,2023-08-22,22,8,August,3,2023,Tuesday,False
266,2023-08-23,23,8,August,3,2023,Wednesday,False
267,2023-08-24,24,8,August,3,2023,Thursday,False
268,2023-08-25,25,8,August,3,2023,Friday,False
269,2023-08-26,26,8,August,3,2023,Saturday,True
270,2023-08-27,27,8,August,3,2023,Sunday,True
271,2023-08-28,28,8,August,3,2023,Monday,False
272,2023-08-29,29,8,August,3,2023,Tuesday,False
273,2023-08-30,30,8,August,3,2023,Wednesday,False
274,2023-08-31,31,8,August,3,2023,Thursday,False
275,2023-09-01,1,9,September,3,2023,Friday,False
276,2023-09-02,2,9,September,3,2023,Saturday,True
277,2023-09-03,3,9,September,3,2023,Sunday,True
278,2023-09-04,4,9,September,3,2023,Monday,False
279,2023-09-05,5,9,September,3,2023,Tuesday,False
280,2023-09-06,6,9,September,3,2023,Wednesday,False
281,2023-09-07,7,9,September,3,2023,Thursday,False
282,2023-09-08,8,9,September,3,2023,Friday,False
283,2023-09-09,9,9,September,3,2023,Saturday,True
284,2023-09-10,10,9,September,3,2023,Sunday,True
285,2023-09-11,11,9,September,3,2023,Monday,False
286,2023-09-12,12,9,September,3,2023,Tuesday,False
287,2023-09-13,13,9,September,3,2023,Wednesday,False
288,2023-09-14,14,9,September,3,2023,Thursday,False
289,2023-09-15,15,9,September,3,2023,Friday,False
290,2023-09-16,16,9,September,3,2023,Saturday,True
291,2023-09-17,17,9,September,3,2023,Sunday,True
292,2023-09-18,18,9,September,3,2023,Monday,False
293,2023-09-19,19,9,September,3,2023,Tuesday,False
294,2023-09-20,20,9,September,3,2023,Wednesday,False
295,2023-09-21,21,9,September,3,2023,Thursday,False
296,2023-09-22,22,9,September,3,2023,Friday,False
297,2023-09-23,23,9,September,3,2023,Saturday,True
298,2023-09-24,24,9,September,3,2023,Sunday,True
299,2023-09-25,25,9,September,3,2023,Monday,False
300,2023-09-26,26,9,September,3,2023,Tuesday,False
301,2023-09-27,27,9,September,3,2023,Wednesday,False
302,2023-09-28,28,9,September,3,2023,Thursday,False
303,2023-09-29,29,9,September,3,2023,Friday,False
304,2023-09-30,30,9,September,3,2023,Saturday,True
305,2023-10-01,1,10,October,4,2023,Sunday,True
306,2023-10-02,2,10,October,4,2023,Monday,False
307,2023-10-03,3,10,October,4,2023,Tuesday,False
308,2023-10-04,4,10,October,4,2023,Wednesday,False
309,2023-10-05,5,10,October,4,2023,Thursday,False
310,2023-10-06,6,10,October,4,2023,Friday,False
311,2023-10-07,7,10,October,4,2023,Saturday,True
312,2023-10-08,8,10,October,4,2023,Sunday,True
313,2023-10-09,9,10,October,4,2023,Monday,False
314,2023-10-10,10,10,October,4,2023,Tuesday,False
315,2023-10-11,11,10,October,4,2023,Wednesday,False
316,2023-10-12,12,10,October,4,2023,Thursday,False
317,2023-10-13,13,10,October,4,2023,Friday,False
318,2023-10-14,14,10,October,4,2023,Saturday,True
319,2023-10-15,15,10,October,4,2023,Sunday,True
320,2023-10-16,16,10,October,4,2023,Monday,False
321,2023-10-17,17,10,October,4,2023,Tuesday,False
322,2023-10-18,18,10,October,4,2023,Wednesday,False
323,2023-10-19,19,10,October,4,2023,Thursday,False
324,2023-10-20,20,10,October,4,2023,Friday,False
325,2023-10-21,21,10,October,4,2023,Saturday,True
326,2023-10-22,22,10,October,4,2023,Sunday,True
327,2023-10-23,23,10,October,4,2023,Monday,False
328,2023-10-24,24,10,October,4,2023,Tuesday,False
329,2023-10-25,25,10,October,4,2023,Wednesday,False
330,2023-10-26,26,10,October,4,2023,Thursday,False
331,2023-10-27,27,10,October,4,2023,Friday,False
332,2023-10-28,28,10,October,4,2023,Saturday,True
333,2023-10-29,29,10,October,4,2023,Sunday,True
334,2023-10-30,30,10,October,4,2023,Monday,False
335,2023-10-31,31,10,October,4,2023,Tuesday,False
336,2023-11-01,1,11,November,4,2023,Wednesday,False
337,2023-11-02,2,11,November,4,2023,Thursday,False
338,2023-11-03,3,11,November,4,2023,Friday,False
339,2023-11-04,4,11,November,4,2023,Saturday,True
340,2023-11-05,5,11,November,4,2023,Sunday,True
341,2023-11-06,6,11,November,4,2023,Monday,False
342,2023-11-07,7,11,November,4,2023,Tuesday,False
343,2023-11-08,8,11,November,4,2023,Wednesday,False
344,2023-11-09,9,11,November,4,2023,Thursday,False
345,2023-11-10,10,11,November,4,2023,Friday,False
346,2023-11-11,11,11,November,4,2023,Saturday,True
347,2023-11-12,12,11,November,4,2023,Sunday,True
348,2023-11-13,13,11,November,4,2023,Monday,False
349,2023-11-14,14,11,November,4,2023,Tuesday,False
350,2023-11-15,15,11,November,4,2023,Wednesday,False
351,2023-11-16,16,11,November,4,2023,Thursday,False
352,2023-11-17,17,11,November,4,2023,Friday,False
353,2023-11-18,18,11,November,4,2023,Saturday,True
354,2023-11-19,19,11,November,4,2023,Sunday,True
355,2023-11-20,20,11,November,4,2023,Monday,False
356,2023-11-21,21,11,November,4,2023,Tuesday,False
357,2023-11-22,22,11,November,4,2023,Wednesday,False
358,2023-11-23,23,11,November,4,2023,Thursday,False
359,2023-11-24,24,11,November,4,2023,Friday,False
360,2023-11-25,25,11,November,4,2023,Saturday,True
361,2023-11-26,26,11,November,4,2023,Sunday,True
362,2023-11-27,27,11,November,4,2023,Monday,False
363,2023-11-28,28,11,November,4,2023,Tuesday,False
364,2023-11-29,29,11,November,4,2023,Wednesday,False
365,2023-11-30,30,11,November,4,2023,Thursday,False
366,2023-12-01,1,12,December,4,2023,Friday,False
367,2023-12-02,2,12,December,4,2023,Saturday,True
368,2023-12-03,3,12,December,4,2023,Sunday,True
369,2023-12-04,4,12,December,4,2023,Monday,False
370,2023-12-05,5,12,December,4,2023,Tuesday,False
371,2023-12-06,6,12,December,4,2023,Wednesday,False
372,2023-12-07,7,12,December,4,2023,Thursday,False
373,2023-12-08,8,12,December,4,2023,Friday,False
374,2023-12-09,9,12,December,4,2023,Saturday,True
375,2023-12-10,10,12,December,4,2023,Sunday,True
376,2023-12-11,11,12,December,4,2023,Monday,False
377,2023-12-12,12,12,December,4,2023,Tuesday,False
378,2023-12-13,13,12,December,4,2023,Wednesday,False
379,2023-12-14,14,12,December,4,2023,Thursday,False
380,2023-12-15,15,12,December,4,2023,Friday,False
381,2023-12-16,16,12,December,4,2023,Saturday,True
382,2023-12-17,17,12,December,4,2023,Sunday,True
383,2023-12-18,18,12,December,4,2023,Monday,False
384,2023-12-19,19,12,December,4,2023,Tuesday,False
385,2023-12-20,20,12,December,4,2023,Wednesday,False
386,2023-12-21,21,12,December,4,2023,Thursday,False
387,2023-12-22,22,12,December,4,2023,Friday,False
388,2023-12-23,23,12,December,4,2023,Saturday,True
389,2023-12-24,24,12,December,4,2023,Sunday,True
390,2023-12-25,25,12,December,4,2023,Monday,False
391,2023-12-26,26,12,December,4,2023,Tuesday,False
392,2023-12-27,27,12,December,4,2023,Wednesday,False
393,2023-12-28,28,12,December,4,2023,Thursday,False
394,2023-12-29,29,12,December,4,2023,Friday,False
395,2023-12-30,30,12,December,4,2023,Saturday,True
396,2023-12-31,31,12,December,4,2023,Sunday,True
397,2024-01-01,1,1,January,1,2024,Monday,False
398,2024-01-02,2,1,January,1,2024,Tuesday,False
399,2024-01-03,3,1,January,1,2024,Wednesday,False
400,2024-01-04,4,1,January,1,2024,Thursday,False
401,2024-01-05,5,1,January,1,2024,Friday,False
402,2024-01-06,6,1,January,1,2024,Saturday,True
403,2024-01-07,7,1,January,1,2024,Sunday,True
404,2024-01-08,8,1,January,1,2024,Monday,False
405,2024-01-09,9,1,January,1,2024,Tuesday,False
406,2024-01-10,10,1,January,1,2024,Wednesday,False
407,2024-01-11,11,1,January,1,2024,Thursday,False
408,2024-01-12,12,1,January,1,2024,Friday,False
409,2024-01-13,13,1,January,1,2024,Saturday,True
410,2024-01-14,14,1,January,1,2024,Sunday,True
411,2024-01-15,15,1,January,1,2024,Monday,False
412,2024-01-16,16,1,January,1,2024,Tuesday,False
413,2024-01-17,17,1,January,1,2024,Wednesday,False
414,2024-01-18,18,1,January,1,2024,Thursday,False
415,2024-01-19,19,1,January,1,2024,Friday,False
416,2024-01-20,20,1,January,1,2024,Saturday,True
417,2024-01-21,21,1,January,1,2024,Sunday,True
418,2024-01-22,22,1,January,1,2024,Monday,False
419,2024-01-23,23,1,January,1,2024,Tuesday,False
420,2024-01-24,24,1,January,1,2024,Wednesday,False
421,2024-01-25,25,1,January,1,2024,Thursday,False
422,2024-01-26,26,1,January,1,2024,Friday,False
423,2024-01-27,27,1,January,1,2024,Saturday,True
424,2024-01-28,28,1,January,1,2024,Sunday,True
425,2024-01-29,29,1,January,1,2024,Monday,False
426,2024-01-30,30,1,January,1,2024,Tuesday,False
427,2024-01-31,31,1,January,1,2024,Wednesday,False
428,2024-02-01,1,2,February,1,2024,Thursday,False
429,2024-02-02,2,2,February,1,2024,Friday,False
430,2024-02-03,3,2,February,1,2024,Saturday,True
431,2024-02-04,4,2,February,1,2024,Sunday,True
432,2024-02-05,5,2,February,1,2024,Monday,False
433,2024-02-06,6,2,February,1,2024,Tuesday,False
434,2024-02-07,7,2,February,1,2024,Wednesday,False
435,2024-02-08,8,2,February,1,2024,Thursday,False
436,2024-02-09,9,2,February,1,2024,Friday,False
437,2024-02-10,10,2,February,1,2024,Saturday,True
438,2024-02-11,11,2,February,1,2024,Sunday,True
439,2024-02-12,12,2,February,1,2024,Monday,False
440,2024-02-13,13,2,February,1,2024,Tuesday,False
441,2024-02-14,14,2,February,1,2024,Wednesday,False
442,2024-02-15,15,2,February,1,2024,Thursday,False
443,2024-02-16,16,2,February,1,2024,Friday,False
444,2024-02-17,17,2,February,1,2024,Saturday,True
445,2024-02-18,18,2,February,1,2024,Sunday,True
446,2024-02-19,19,2,February,1,2024,Monday,False
447,2024-02-20,20,2,February,1,2024,Tuesday,False
448,2024-02-21,21,2,February,1,2024,Wednesday,False
449,2024-02-22,22,2,February,1,2024,Thursday,False
450,2024-02-23,23,2,February,1,2024,Friday,False
451,2024-02-24,24,2,February,1,2024,Saturday,True
452,2024-02-25,25,2,February,1,2024,Sunday,True
453,2024-02-26,26,2,February,1,2024,Monday,False
454,2024-02-27,27,2,February,1,2024,Tuesday,False
455,2024-02-28,28,2,February,1,2024,Wednesday,False
456,2024-02-29,29,2,February,1,2024,Thursday,False
457,2024-03-01,1,3,March,1,2024,Friday,False
458,2024-03-02,2,3,March,1,2024,Saturday,True
459,2024-03-03,3,3,March,1,2024,Sunday,True
460,2024-03-04,4,3,March,1,2024,Monday,False
461,2024-03-05,5,3,March,1,2024,Tuesday,False
462,2024-03-06,6,3,March,1,2024,Wednesday,False
463,2024-03-07,7,3,March,1,2024,Thursday,False
464,2024-03-08,8,3,March,1,2024,Friday,False
465,2024-03-09,9,3,March,1,2024,Saturday,True
466,2024-03-10,10,3,March,1,2024,Sunday,True
467,2024-03-11,11,3,March,1,2024,Monday,False
468,2024-03-12,12,3,March,1,2024,Tuesday,False
469,2024-03-13,13,3,March,1,2024,Wednesday,False
470,2024-03-14,14,3,March,1,2024,Thursday,False
471,2024-03-15,15,3,March,1,2024,Friday,False
472,2024-03-16,16,3,March,1,2024,Saturday,True
473,2024-03-17,17,3,March,1,2024,Sunday,True
474,2024-03-18,18,3,March,1,2024,Monday,False
475,2024-03-19,19,3,March,1,2024,Tuesday,False
476,2024-03-20,20,3,March,1,2024,Wednesday,False
477,2024-03-21,21,3,March,1,2024,Thursday,False
478,2024-03-22,22,3,March,1,2024,Friday,False
479,2024-03-23,23,3,March,1,2024,Saturday,True
480,2024-03-24,24,3,March,1,2024,Sunday,True
481,2024-03-25,25,3,March,1,2024,Monday,False
482,2024-03-26,26,3,March,1,2024,Tuesday,False
483,2024-03-27,27,3,March,1,2024,Wednesday,False
484,2024-03-28,28,3,March,1,2024,Thursday,False
485,2024-03-29,29,3,March,1,2024,Friday,False
486,2024-03-30,30,3,March,1,2024,Saturday,True
487,2024-03-31,31,3,March,1,2024,Sunday,True
488,2024-04-01,1,4,April,2,2024,Monday,False
489,2024-04-02,2,4,April,2,2024,Tuesday,False
490,2024-04-03,3,4,April,2,2024,Wednesday,False
491,2024-04-04,4,4,April,2,2024,Thursday,False
492,2024-04-05,5,4,April,2,2024,Friday,False
493,2024-04-06,6,4,April,2,2024,Saturday,True
494,2024-04-07,7,4,April,2,2024,Sunday,True
495,2024-04-08,8,4,April,2,2024,Monday,False
496,2024-04-09,9,4,April,2,2024,Tuesday,False
497,2024-04-10,10,4,April,2,2024,Wednesday,False
498,2024-04-11,11,4,April,2,2024,Thursday,False
499,2024-04-12,12,4,April,2,2024,Friday,False
500,2024-04-13,13,4,April,2,2024,Saturday,True
501,2024-04-14,14,4,April,2,2024,Sunday,True
502,2024-04-15,15,4,April,2,2024,Monday,False
503,2024-04-16,16,4,April,2,2024,Tuesday,False
504,2024-04-17,17,4,April,2,2024,Wednesday,False
505,2024-04-18,18,4,April,2,2024,Thursday,False
506,2024-04-19,19,4,April,2,2024,Friday,False
507,2024-04-20,20,4,April,2,2024,Saturday,True
508,2024-04-21,21,4,April,2,2024,Sunday,True
509,2024-04-22,22,4,April,2,2024,Monday,False
510,2024-04-23,23,4,April,2,2024,Tuesday,False
511,2024-04-24,24,4,April,2,2024,Wednesday,False
512,2024-04-25,25,4,April,2,2024,Thursday,False
513,2024-04-26,26,4,April,2,2024,Friday,False
514,2024-04-27,27,4,April,2,2024,Saturday,True
515,2024-04-28,28,4,April,2,2024,Sunday,True
516,2024-04-29,29,4,April,2,2024,Monday,False
517,2024-04-30,30,4,April,2,2024,Tuesday,False
518,2024-05-01,1,5,May,2,2024,Wednesday,False
519,2024-05-02,2,5,May,2,2024,Thursday,False
520,2024-05-03,3,5,May,2,2024,Friday,False
521,2024-05-04,4,5,May,2,2024,Saturday,True
522,2024-05-05,5,5,May,2,2024,Sunday,True
523,2024-05-06,6,5,May,2,2024,Monday,False
524,2024-05-07,7,5,May,2,2024,Tuesday,False
525,2024-05-08,8,5,May,2,2024,Wednesday,False
526,2024-05-09,9,5,May,2,2024,Thursday,False
527,2024-05-10,10,5,May,2,2024,Friday,False
528,2024-05-11,11,5,May,2,2024,Saturday,True
529,2024-05-12,12,5,May,2,2024,Sunday,True
530,2024-05-13,13,5,May,2,2024,Monday,False
531,2024-05-14,14,5,May,2,2024,Tuesday,False
532,2024-05-15,15,5,May,2,2024,Wednesday,False
533,2024-05-16,16,5,May,2,2024,Thursday,False
534,2024-05-17,17,5,May,2,2024,Friday,False
535,2024-05-18,18,5,May,2,2024,Saturday,True
536,2024-05-19,19,5,May,2,2024,Sunday,True
537,2024-05-20,20,5,May,2,2024,Monday,False
538,2024-05-21,21,5,May,2,2024,Tuesday,False
539,2024-05-22,22,5,May,2,2024,Wednesday,False
540,2024-05-23,23,5,May,2,2024,Thursday,False
541,2024-05-24,24,5,May,2,2024,Friday,False
542,2024-05-25,25,5,May,2,2024,Saturday,True
543,2024-05-26,26,5,May,2,2024,Sunday,True
544,2024-05-27,27,5,May,2,2024,Monday,False
545,2024-05-28,28,5,May,2,2024,Tuesday,False
546,2024-05-29,29,5,May,2,2024,Wednesday,False
547,2024-05-30,30,5,May,2,2024,Thursday,False
548,2024-05-31,31,5,May,2,2024,Friday,False
549,2024-06-01,1,6,June,2,2024,Saturday,True
550,2024-06-02,2,6,June,2,2024,Sunday,True
551,2024-06-03,3,6,June,2,2024,Monday,False
552,2024-06-04,4,6,June,2,2024,Tuesday,False
553,2024-06-05,5,6,June,2,2024,Wednesday,False
554,2024-06-06,6,6,June,2,2024,Thursday,False
555,2024-06-07,7,6,June,2,2024,Friday,False
556,2024-06-08,8,6,June,2,2024,Saturday,True
557,2024-06-09,9,6,June,2,2024,Sunday,True
558,2024-06-10,10,6,June,2,2024,Monday,False
559,2024-06-11,11,6,June,2,2024,Tuesday,False
560,2024-06-12,12,6,June,2,2024,Wednesday,False
561,2024-06-13,13,6,June,2,2024,Thursday,False
562,2024-06-14,14,6,June,2,2024,Friday,False
563,2024-06-15,15,6,June,2,2024,Saturday,True
564,2024-06-16,16,6,June,2,2024,Sunday,True
565,2024-06-17,17,6,June,2,2024,Monday,False
566,2024-06-18,18,6,June,2,2024,Tuesday,False
567,2024-06-19,19,6,June,2,2024,Wednesday,False
568,2024-06-20,20,6,June,2,2024,Thursday,False
569,2024-06-21,21,6,June,2,2024,Friday,False
570,2024-06-22,22,6,June,2,2024,Saturday,True
571,2024-06-23,23,6,June,2,2024,Sunday,True
572,2024-06-24,24,6,June,2,2024,Monday,False
573,2024-06-25,25,6,June,2,2024,Tuesday,False
574,2024-06-26,26,6,June,2,2024,Wednesday,False
575,2024-06-27,27,6,June,2,2024,Thursday,False
576,2024-06-28,28,6,June,2,2024,Friday,False
577,2024-06-29,29,6,June,2,2024,Saturday,True
578,2024-06-30,30,6,June,2,2024,Sunday,True
579,2024-07-01,1,7,July,3,2024,Monday,False
580,2024-07-02,2,7,July,3,2024,Tuesday,False
581,2024-07-03,3,7,July,3,2024,Wednesday,False
582,2024-07-04,4,7,July,3,2024,Thursday,False
583,2024-07-05,5,7,July,3,2024,Friday,False
584,2024-07-06,6,7,July,3,2024,Saturday,True
585,2024-07-07,7,7,July,3,2024,Sunday,True
586,2024-07-08,8,7,July,3,2024,Monday,False
587,2024-07-09,9,7,July,3,2024,Tuesday,False
588,2024-07-10,10,7,July,3,2024,Wednesday,False
589,2024-07-11,11,7,July,3,2024,Thursday,False
590,2024-07-12,12,7,July,3,2024,Friday,False
591,2024-07-13,13,7,July,3,2024,Saturday,True
592,2024-07-14,14,7,July,3,2024,Sunday,True
593,2024-07-15,15,7,July,3,2024,Monday,False
594,2024-07-16,16,7,July,3,2024,Tuesday,False
595,2024-07-17,17,7,July,3,2024,Wednesday,False
596,2024-07-18,18,7,July,3,2024,Thursday,False
597,2024-07-19,19,7,July,3,2024,Friday,False
598,2024-07-20,20,7,July,3,2024,Saturday,True
599,2024-07-21,21,7,July,3,2024,Sunday,True
600,2024-07-22,22,7,July,3,2024,Monday,False
601,2024-07-23,23,7,July,3,2024,Tuesday,False
602,2024-07-24,24,7,July,3,2024,Wednesday,False
603,2024-07-25,25,7,July,3,2024,Thursday,False
604,2024-07-26,26,7,July,3,2024,Friday,False
605,2024-07-27,27,7,July,3,2024,Saturday,True
606,2024-07-28,28,7,July,3,2024,Sunday,True
607,2024-07-29,29,7,July,3,2024,Monday,False
608,2024-07-30,30,7,July,3,2024,Tuesday,False
609,2024-07-31,31,7,July,3,2024,Wednesday,False
610,2024-08-01,1,8,August,3,2024,Thursday,False
611,2024-08-02,2,8,August,3,2024,Friday,False
612,2024-08-03,3,8,August,3,2024,Saturday,True
613,2024-08-04,4,8,August,3,2024,Sunday,True
614,2024-08-05,5,8,August,3,2024,Monday,False
615,2024-08-06,6,8,August,3,2024,Tuesday,False
616,2024-08-07,7,8,August,3,2024,Wednesday,False
617,2024-08-08,8,8,August,3,2024,Thursday,False
618,2024-08-09,9,8,August,3,2024,Friday,False
619,2024-08-10,10,8,August,3,2024,Saturday,True
620,2024-08-11,11,8,August,3,2024,Sunday,True
621,2024-08-12,12,8,August,3,2024,Monday,False
622,2024-08-13,13,8,August,3,2024,Tuesday,False
623,2024-08-14,14,8,August,3,2024,Wednesday,False
624,2024-08-15,15,8,August,3,2024,Thursday,False
625,2024-08-16,16,8,August,3,2024,Friday,False
626,2024-08-17,17,8,August,3,2024,Saturday,True
627,2024-08-18,18,8,August,3,2024,Sunday,True
628,2024-08-19,19,8,August,3,2024,Monday,False
629,2024-08-20,20,8,August,3,2024,Tuesday,False
630,2024-08-21,21,8,August,3,2024,Wednesday,False
631,2024-08-22,22,8,August,3,2024,Thursday,False
632,2024-08-23,23,8,August,3,2024,Friday,False
633,2024-08-24,24,8,August,3,2024,Saturday,True
634,2024-08-25,25,8,August,3,2024,Sunday,True
635,2024-08-26,26,8,August,3,2024,Monday,False
636,2024-08-27,27,8,August,3,2024,Tuesday,False
637,2024-08-28,28,8,August,3,2024,Wednesday,False
638,2024-08-29,29,8,August,3,2024,Thursday,False
639,2024-08-30,30,8,August,3,2024,Friday,False
640,2024-08-31,31,8,August,3,2024,Saturday,True
641,2024-09-01,1,9,September,3,2024,Sunday,True
642,2024-09-02,2,9,September,3,2024,Monday,False
643,2024-09-03,3,9,September,3,2024,Tuesday,False
644,2024-09-04,4,9,September,3,2024,Wednesday,False
645,2024-09-05,5,9,September,3,2024,Thursday,False
646,2024-09-06,6,9,September,3,2024,Friday,False
647,2024-09-07,7,9,September,3,2024,Saturday,True
648,2024-09-08,8,9,September,3,2024,Sunday,True
649,2024-09-09,9,9,September,3,2024,Monday,False
650,2024-09-10,10,9,September,3,2024,Tuesday,False
651,2024-09-11,11,9,September,3,2024,Wednesday,False
652,2024-09-12,12,9,September,3,2024,Thursday,False
653,2024-09-13,13,9,September,3,2024,Friday,False
654,2024-09-14,14,9,September,3,2024,Saturday,True
655,2024-09-15,15,9,September,3,2024,Sunday,True
656,2024-09-16,16,9,September,3,2024,Monday,False
657,2024-09-17,17,9,September,3,2024,Tuesday,False
658,2024-09-18,18,9,September,3,2024,Wednesday,False
659,2024-09-19,19,9,September,3,2024,Thursday,False
660,2024-09-20,20,9,September,3,2024,Friday,False
661,2024-09-21,21,9,September,3,2024,Saturday,True
662,2024-09-22,22,9,September,3,2024,Sunday,True
663,2024-09-23,23,9,September,3,2024,Monday,False
664,2024-09-24,24,9,September,3,2024,Tuesday,False
665,2024-09-25,25,9,September,3,2024,Wednesday,False
666,2024-09-26,26,9,September,3,2024,Thursday,False
667,2024-09-27,27,9,September,3,2024,Friday,False
668,2024-09-28,28,9,September,3,2024,Saturday,True
669,2024-09-29,29,9,September,3,2024,Sunday,True
670,2024-09-30,30,9,September,3,2024,Monday,False
671,2024-10-01,1,10,October,4,2024,Tuesday,False
672,2024-10-02,2,10,October,4,2024,Wednesday,False
673,2024-10-03,3,10,October,4,2024,Thursday,False
674,2024-10-04,4,10,October,4,2024,Friday,False
675,2024-10-05,5,10,October,4,2024,Saturday,True
676,2024-10-06,6,10,October,4,2024,Sunday,True
677,2024-10-07,7,10,October,4,2024,Monday,False
678,2024-10-08,8,10,October,4,2024,Tuesday,False
679,2024-10-09,9,10,October,4,2024,Wednesday,False
680,2024-10-10,10,10,October,4,2024,Thursday,False
681,2024-10-11,11,10,October,4,2024,Friday,False
682,2024-10-12,12,10,October,4,2024,Saturday,True
683,2024-10-13,13,10,October,4,2024,Sunday,True
684,2024-10-14,14,10,October,4,2024,Monday,False
685,2024-10-15,15,10,October,4,2024,Tuesday,False
686,2024-10-16,16,10,October,4,2024,Wednesday,False
687,2024-10-17,17,10,October,4,2024,Thursday,False
688,2024-10-18,18,10,October,4,2024,Friday,False
689,2024-10-19,19,10,October,4,2024,Saturday,True
690,2024-10-20,20,10,October,4,2024,Sunday,True
691,2024-10-21,21,10,October,4,2024,Monday,False
692,2024-10-22,22,10,October,4,2024,Tuesday,False
693,2024-10-23,23,10,October,4,2024,Wednesday,False
694,2024-10-24,24,10,October,4,2024,Thursday,False
695,2024-10-25,25,10,October,4,2024,Friday,False
696,2024-10-26,26,10,October,4,2024,Saturday,True
697,2024-10-27,27,10,October,4,2024,Sunday,True
698,2024-10-28,28,10,October,4,2024,Monday,False
699,2024-10-29,29,10,October,4,2024,Tuesday,False
700,2024-10-30,30,10,October,4,2024,Wednesday,False
701,2024-10-31,31,10,October,4,2024,Thursday,False
702,2024-11-01,1,11,November,4,2024,Friday,False
703,2024-11-02,2,11,November,4,2024,Saturday,True
704,2024-11-03,3,11,November,4,2024,Sunday,True
705,2024-11-04,4,11,November,4,2024,Monday,False
706,2024-11-05,5,11,November,4,2024,Tuesday,False
707,2024-11-06,6,11,November,4,2024,Wednesday,False
708,2024-11-07,7,11,November,4,2024,Thursday,False
709,2024-11-08,8,11,November,4,2024,Friday,False
710,2024-11-09,9,11,November,4,2024,Saturday,True
711,2024-11-10,10,11,November,4,2024,Sunday,True
712,2024-11-11,11,11,November,4,2024,Monday,False
713,2024-11-12,12,11,November,4,2024,Tuesday,False
714,2024-11-13,13,11,November,4,2024,Wednesday,False
715,2024-11-14,14,11,November,4,2024,Thursday,False
716,2024-11-15,15,11,November,4,2024,Friday,False
717,2024-11-16,16,11,November,4,2024,Saturday,True
718,2024-11-17,17,11,November,4,2024,Sunday,True
719,2024-11-18,18,11,November,4,2024,Monday,False
720,2024-11-19,19,11,November,4,2024,Tuesday,False
721,2024-11-20,20,11,November,4,2024,Wednesday,False
722,2024-11-21,21,11,November,4,2024,Thursday,False
723,2024-11-22,22,11,November,4,2024,Friday,False
724,2024-11-23,23,11,November,4,2024,Saturday,True
725,2024-11-24,24,11,November,4,2024,Sunday,True
726,2024-11-25,25,11,November,4,2024,Monday,False
727,2024-11-26,26,11,November,4,2024,Tuesday,False
728,2024-11-27,27,11,November,4,2024,Wednesday,False
729,2024-11-28,28,11,November,4,2024,Thursday,False
730,2024-11-29,29,11,November,4,2024,Friday,False
731,2024-11-30,30,11,November,4,2024,Saturday,True
732,2024-12-01,1,12,December,4,2024,Sunday,True
733,2024-12-02,2,12,December,4,2024,Monday,False
734,2024-12-03,3,12,December,4,2024,Tuesday,False
735,2024-12-04,4,12,December,4,2024,Wednesday,False
736,2024-12-05,5,12,December,4,2024,Thursday,False
737,2024-12-06,6,12,December,4,2024,Friday,False
738,2024-12-07,7,12,December,4,2024,Saturday,True
739,2024-12-08,8,12,December,4,2024,Sunday,True
740,2024-12-09,9,12,December,4,2024,Monday,False
741,2024-12-10,10,12,December,4,2024,Tuesday,False
742,2024-12-11,11,12,December,4,2024,Wednesday,False
743,2024-12-12,12,12,December,4,2024,Thursday,False
744,2024-12-13,13,12,December,4,2024,Friday,False
745,2024-12-14,14,12,December,4,2024,Saturday,True
746,2024-12-15,15,12,December,4,2024,Sunday,True
747,2024-12-16,16,12,December,4,2024,Monday,False
748,2024-12-17,17,12,December,4,2024,Tuesday,False
749,2024-12-18,18,12,December,4,2024,Wednesday,False
750,2024-12-19,19,12,December,4,2024,Thursday,False
751,2024-12-20,20,12,December,4,2024,Friday,False
752,2024-12-21,21,12,December,4,2024,Saturday,True
753,2024-12-22,22,12,December,4,2024,Sunday,True
754,2024-12-23,23,12,December,4,2024,Monday,False
755,2024-12-24,24,12,December,4,2024,Tuesday,False
756,2024-12-25,25,12,December,4,2024,Wednesday,False
757,2024-12-26,26,12,December,4,2024,Thursday,False
758,2024-12-27,27,12,December,4,2024,Friday,False
759,2024-12-28,28,12,December,4,2024,Saturday,True
760,2024-12-29,29,12,December,4,2024,Sunday,True
761,2024-12-30,30,12,December,4,2024,Monday,False
762,2024-12-31,31,12,December,4,2024,Tuesday,False
763,2025-01-01,1,1,January,1,2025,Wednesday,False
764,2025-01-02,2,1,January,1,2025,Thursday,False
765,2025-01-03,3,1,January,1,2025,Friday,False
766,2025-01-04,4,1,January,1,2025,Saturday,True
767,2025-01-05,5,1,January,1,2025,Sunday,True
768,2025-01-06,6,1,January,1,2025,Monday,False
769,2025-01-07,7,1,January,1,2025,Tuesday,False
770,2025-01-08,8,1,January,1,2025,Wednesday,False
771,2025-01-09,9,1,January,1,2025,Thursday,False
772,2025-01-10,10,1,January,1,2025,Friday,False
773,2025-01-11,11,1,January,1,2025,Saturday,True
774,2025-01-12,12,1,January,1,2025,Sunday,True
775,2025-01-13,13,1,January,1,2025,Monday,False
776,2025-01-14,14,1,January,1,2025,Tuesday,False
777,2025-01-15,15,1,January,1,2025,Wednesday,False
778,2025-01-16,16,1,January,1,2025,Thursday,False
779,2025-01-17,17,1,January,1,2025,Friday,False
780,2025-01-18,18,1,January,1,2025,Saturday,True
781,2025-01-19,19,1,January,1,2025,Sunday,True
782,2025-01-20,20,1,January,1,2025,Monday,False
783,2025-01-21,21,1,January,1,2025,Tuesday,False
784,2025-01-22,22,1,January,1,2025,Wednesday,False
785,2025-01-23,23,1,January,1,2025,Thursday,False
786,2025-01-24,24,1,January,1,2025,Friday,False
787,2025-01-25,25,1,January,1,2025,Saturday,True
788,2025-01-26,26,1,January,1,2025,Sunday,True
789,2025-01-27,27,1,January,1,2025,Monday,False
790,2025-01-28,28,1,January,1,2025,Tuesday,False
791,2025-01-29,29,1,January,1,2025,Wednesday,False
792,2025-01-30,30,1,January,1,2025,Thursday,False
793,2025-01-31,31,1,January,1,2025,Friday,False
794,2025-02-01,1,2,February,1,2025,Saturday,True
795,2025-02-02,2,2,February,1,2025,Sunday,True
796,2025-02-03,3,2,February,1,2025,Monday,False
797,2025-02-04,4,2,February,1,2025,Tuesday,False
798,2025-02-05,5,2,February,1,2025,Wednesday,False
799,2025-02-06,6,2,February,1,2025,Thursday,False
800,2025-02-07,7,2,February,1,2025,Friday,False
801,2025-02-08,8,2,February,1,2025,Saturday,True
802,2025-02-09,9,2,February,1,2025,Sunday,True
803,2025-02-10,10,2,February,1,2025,Monday,False
804,2025-02-11,11,2,February,1,2025,Tuesday,False
805,2025-02-12,12,2,February,1,2025,Wednesday,False
806,2025-02-13,13,2,February,1,2025,Thursday,False
807,2025-02-14,14,2,February,1,2025,Friday,False
808,2025-02-15,15,2,February,1,2025,Saturday,True
809,2025-02-16,16,2,February,1,2025,Sunday,True
810,2025-02-17,17,2,February,1,2025,Monday,False
811,2025-02-18,18,2,February,1,2025,Tuesday,False
812,2025-02-19,19,2,February,1,2025,Wednesday,False
813,2025-02-20,20,2,February,1,2025,Thursday,False
814,2025-02-21,21,2,February,1,2025,Friday,False
815,2025-02-22,22,2,February,1,2025,Saturday,True
816,2025-02-23,23,2,February,1,2025,Sunday,True
817,2025-02-24,24,2,February,1,2025,Monday,False
818,2025-02-25,25,2,February,1,2025,Tuesday,False
819,2025-02-26,26,2,February,1,2025,Wednesday,False
820,2025-02-27,27,2,February,1,2025,Thursday,False
821,2025-02-28,28,2,February,1,2025,Friday,False
822,2025-03-01,1,3,March,1,2025,Saturday,True
823,2025-03-02,2,3,March,1,2025,Sunday,True
824,2025-03-03,3,3,March,1,2025,Monday,False
825,2025-03-04,4,3,March,1,2025,Tuesday,False
826,2025-03-05,5,3,March,1,2025,Wednesday,False
827,2025-03-06,6,3,March,1,2025,Thursday,False
828,2025-03-07,7,3,March,1,2025,Friday,False
829,2025-03-08,8,3,March,1,2025,Saturday,True
830,2025-03-09,9,3,March,1,2025,Sunday,True
831,2025-03-10,10,3,March,1,2025,Monday,False
832,2025-03-11,11,3,March,1,2025,Tuesday,False
833,2025-03-12,12,3,March,1,2025,Wednesday,False
834,2025-03-13,13,3,March,1,2025,Thursday,False
835,2025-03-14,14,3,March,1,2025,Friday,False
836,2025-03-15,15,3,March,1,2025,Saturday,True
837,2025-03-16,16,3,March,1,2025,Sunday,True
838,2025-03-17,17,3,March,1,2025,Monday,False
839,2025-03-18,18,3,March,1,2025,Tuesday,False
840,2025-03-19,19,3,March,1,2025,Wednesday,False
841,2025-03-20,20,3,March,1,2025,Thursday,False
842,2025-03-21,21,3,March,1,2025,Friday,False
843,2025-03-22,22,3,March,1,2025,Saturday,True
844,2025-03-23,23,3,March,1,2025,Sunday,True
845,2025-03-24,24,3,March,1,2025,Monday,False
846,2025-03-25,25,3,March,1,2025,Tuesday,False
847,2025-03-26,26,3,March,1,2025,Wednesday,False
848,2025-03-27,27,3,March,1,2025,Thursday,False
849,2025-03-28,28,3,March,1,2025,Friday,False
850,2025-03-29,29,3,March,1,2025,Saturday,True
851,2025-03-30,30,3,March,1,2025,Sunday,True
852,2025-03-31,31,3,March,1,2025,Monday,False
853,2025-04-01,1,4,April,2,2025,Tuesday,False
854,2025-04-02,2,4,April,2,2025,Wednesday,False
855,2025-04-03,3,4,April,2,2025,Thursday,False
856,2025-04-04,4,4,April,2,2025,Friday,False
857,2025-04-05,5,4,April,2,2025,Saturday,True
858,2025-04-06,6,4,April,2,2025,Sunday,True
859,2025-04-07,7,4,April,2,2025,Monday,False
860,2025-04-08,8,4,April,2,2025,Tuesday,False
861,2025-04-09,9,4,April,2,2025,Wednesday,False
862,2025-04-10,10,4,April,2,2025,Thursday,False
863,2025-04-11,11,4,April,2,2025,Friday,False
864,2025-04-12,12,4,April,2,2025,Saturday,True
865,2025-04-13,13,4,April,2,2025,Sunday,True
866,2025-04-14,14,4,April,2,2025,Monday,False
867,2025-04-15,15,4,April,2,2025,Tuesday,False
868,2025-04-16,16,4,April,2,2025,Wednesday,False
869,2025-04-17,17,4,April,2,2025,Thursday,False
870,2025-04-18,18,4,April,2,2025,Friday,False
871,2025-04-19,19,4,April,2,2025,Saturday,True
872,2025-04-20,20,4,April,2,2025,Sunday,True
873,2025-04-21,21,4,April,2,2025,Monday,False
874,2025-04-22,22,4,April,2,2025,Tuesday,False
875,2025-04-23,23,4,April,2,2025,Wednesday,False
876,2025-04-24,24,4,April,2,2025,Thursday,False
877,2025-04-25,25,4,April,2,2025,Friday,False
878,2025-04-26,26,4,April,2,2025,Saturday,True
879,2025-04-27,27,4,April,2,2025,Sunday,True
880,2025-04-28,28,4,April,2,2025,Monday,False
881,2025-04-29,29,4,April,2,2025,Tuesday,False
882,2025-04-30,30,4,April,2,2025,Wednesday,False
883,2025-05-01,1,5,May,2,2025,Thursday,False
884,2025-05-02,2,5,May,2,2025,Friday,False
885,2025-05-03,3,5,May,2,2025,Saturday,True
886,2025-05-04,4,5,May,2,2025,Sunday,True
887,2025-05-05,5,5,May,2,2025,Monday,False
888,2025-05-06,6,5,May,2,2025,Tuesday,False
889,2025-05-07,7,5,May,2,2025,Wednesday,False
890,2025-05-08,8,5,May,2,2025,Thursday,False
891,2025-05-09,9,5,May,2,2025,Friday,False
892,2025-05-10,10,5,May,2,2025,Saturday,True
893,2025-05-11,11,5,May,2,2025,Sunday,True
894,2025-05-12,12,5,May,2,2025,Monday,False
895,2025-05-13,13,5,May,2,2025,Tuesday,False
896,2025-05-14,14,5,May,2,2025,Wednesday,False
897,2025-05-15,15,5,May,2,2025,Thursday,False
898,2025-05-16,16,5,May,2,2025,Friday,False
899,2025-05-17,17,5,May,2,2025,Saturday,True
900,2025-05-18,18,5,May,2,2025,Sunday,True
901,2025-05-19,19,5,May,2,2025,Monday,False
902,2025-05-20,20,5,May,2,2025,Tuesday,False
903,2025-05-21,21,5,May,2,2025,Wednesday,False
904,2025-05-22,22,5,May,2,2025,Thursday,False
905,2025-05-23,23,5,May,2,2025,Friday,False
906,2025-05-24,24,5,May,2,2025,Saturday,True
907,2025-05-25,25,5,May,2,2025,Sunday,True
908,2025-05-26,26,5,May,2,2025,Monday,False
909,2025-05-27,27,5,May,2,2025,Tuesday,False
910,2025-05-28,28,5,May,2,2025,Wednesday,False
911,2025-05-29,29,5,May,2,2025,Thursday,False
912,2025-05-30,30,5,May,2,2025,Friday,False
913,2025-05-31,31,5,May,2,2025,Saturday,True
914,2025-06-01,1,6,June,2,2025,Sunday,True
915,2025-06-02,2,6,June,2,2025,Monday,False
916,2025-06-03,3,6,June,2,2025,Tuesday,False
917,2025-06-04,4,6,June,2,2025,Wednesday,False
918,2025-06-05,5,6,June,2,2025,Thursday,False
919,2025-06-06,6,6,June,2,2025,Friday,False
920,2025-06-07,7,6,June,2,2025,Saturday,True
921,2025-06-08,8,6,June,2,2025,Sunday,True
922,2025-06-09,9,6,June,2,2025,Monday,False
923,2025-06-10,10,6,June,2,2025,Tuesday,False
924,2025-06-11,11,6,June,2,2025,Wednesday,False
925,2025-06-12,12,6,June,2,2025,Thursday,False
926,2025-06-13,13,6,June,2,2025,Friday,False
927,2025-06-14,14,6,June,2,2025,Saturday,True
928,2025-06-15,15,6,June,2,2025,Sunday,True
929,2025-06-16,16,6,June,2,2025,Monday,False
930,2025-06-17,17,6,June,2,2025,Tuesday,False
931,2025-06-18,18,6,June,2,2025,Wednesday,False
932,2025-06-19,19,6,June,2,2025,Thursday,False
933,2025-06-20,20,6,June,2,2025,Friday,False
934,2025-06-21,21,6,June,2,2025,Saturday,True
935,2025-06-22,22,6,June,2,2025,Sunday,True
936,2025-06-23,23,6,June,2,2025,Monday,False
937,2025-06-24,24,6,June,2,2025,Tuesday,False
938,2025-06-25,25,6,June,2,2025,Wednesday,False
939,2025-06-26,26,6,June,2,2025,Thursday,False
940,2025-06-27,27,6,June,2,2025,Friday,False
941,2025-06-28,28,6,June,2,2025,Saturday,True
942,2025-06-29,29,6,June,2,2025,Sunday,True
943,2025-06-30,30,6,June,2,2025,Monday,False
944,2025-07-01,1,7,July,3,2025,Tuesday,False
945,2025-07-02,2,7,July,3,2025,Wednesday,False
946,2025-07-03,3,7,July,3,2025,Thursday,False
947,2025-07-04,4,7,July,3,2025,Friday,False
948,2025-07-05,5,7,July,3,2025,Saturday,True
949,2025-07-06,6,7,July,3,2025,Sunday,True
950,2025-07-07,7,7,July,3,2025,Monday,False
951,2025-07-08,8,7,July,3,2025,Tuesday,False
952,2025-07-09,9,7,July,3,2025,Wednesday,False
953,2025-07-10,10,7,July,3,2025,Thursday,False
954,2025-07-11,11,7,July,3,2025,Friday,False
955,2025-07-12,12,7,July,3,2025,Saturday,True
956,2025-07-13,13,7,July,3,2025,Sunday,True
957,2025-07-14,14,7,July,3,2025,Monday,False
958,2025-07-15,15,7,July,3,2025,Tuesday,False
959,2025-07-16,16,7,July,3,2025,Wednesday,False
960,2025-07-17,17,7,July,3,2025,Thursday,False
961,2025-07-18,18,7,July,3,2025,Friday,False
962,2025-07-19,19,7,July,3,2025,Saturday,True
963,2025-07-20,20,7,July,3,2025,Sunday,True
964,2025-07-21,21,7,July,3,2025,Monday,False
965,2025-07-22,22,7,July,3,2025,Tuesday,False
966,2025-07-23,23,7,July,3,2025,Wednesday,False
967,2025-07-24,24,7,July,3,2025,Thursday,False
968,2025-07-25,25,7,July,3,2025,Friday,False
969,2025-07-26,26,7,July,3,2025,Saturday,True
970,2025-07-27,27,7,July,3,2025,Sunday,True
971,2025-07-28,28,7,July,3,2025,Monday,False
972,2025-07-29,29,7,July,3,2025,Tuesday,False
973,2025-07-30,30,7,July,3,2025,Wednesday,False
974,2025-07-31,31,7,July,3,2025,Thursday,False
975,2025-08-01,1,8,August,3,2025,Friday,False
976,2025-08-02,2,8,August,3,2025,Saturday,True
977,2025-08-03,3,8,August,3,2025,Sunday,True
978,2025-08-04,4,8,August,3,2025,Monday,False
979,2025-08-05,5,8,August,3,2025,Tuesday,False
980,2025-08-06,6,8,August,3,2025,Wednesday,False
981,2025-08-07,7,8,August,3,2025,Thursday,False
982,2025-08-08,8,8,August,3,2025,Friday,False
983,2025-08-09,9,8,August,3,2025,Saturday,True
984,2025-08-10,10,8,August,3,2025,Sunday,True
985,2025-08-11,11,8,August,3,2025,Monday,False
986,2025-08-12,12,8,August,3,2025,Tuesday,False
987,2025-08-13,13,8,August,3,2025,Wednesday,False
988,2025-08-14,14,8,August,3,2025,Thursday,False
989,2025-08-15,15,8,August,3,2025,Friday,False
990,2025-08-16,16,8,August,3,2025,Saturday,True
991,2025-08-17,17,8,August,3,2025,Sunday,True
992,2025-08-18,18,8,August,3,2025,Monday,False
993,2025-08-19,19,8,August,3,2025,Tuesday,False
994,2025-08-20,20,8,August,3,2025,Wednesday,False
995,2025-08-21,21,8,August,3,2025,Thursday,False
996,2025-08-22,22,8,August,3,2025,Friday,False
997,2025-08-23,23,8,August,3,2025,Saturday,True
998,2025-08-24,24,8,August,3,2025,Sunday,True
999,2025-08-25,25,8,August,3,2025,Monday,False
1000,2025-08-26,26,8,August,3,2025,Tuesday,False
1001,2025-08-27,27,8,August,3,2025,Wednesday,False
1002,2025-08-28,28,8,August,3,2025,Thursday,False
1003,2025-08-29,29,8,August,3,2025,Friday,False
1004,2025-08-30,30,8,August,3,2025,Saturday,True
1005,2025-08-31,31,8,August,3,2025,Sunday,True
1006,2025-09-01,1,9,September,3,2025,Monday,False
1007,2025-09-02,2,9,September,3,2025,Tuesday,False
1008,2025-09-03,3,9,September,3,2025,Wednesday,False
1009,2025-09-04,4,9,September,3,2025,Thursday,False
1010,2025-09-05,5,9,September,3,2025,Friday,False
1011,2025-09-06,6,9,September,3,2025,Saturday,True
1012,2025-09-07,7,9,September,3,2025,Sunday,True
1013,2025-09-08,8,9,September,3,2025,Monday,False
1014,2025-09-09,9,9,September,3,2025,Tuesday,False
1015,2025-09-10,10,9,September,3,2025,Wednesday,False
1016,2025-09-11,11,9,September,3,2025,Thursday,False
1017,2025-09-12,12,9,September,3,2025,Friday,False
1018,2025-09-13,13,9,September,3,2025,Saturday,True
1019,2025-09-14,14,9,September,3,2025,Sunday,True
1020,2025-09-15,15,9,September,3,2025,Monday,False
1021,2025-09-16,16,9,September,3,2025,Tuesday,False
1022,2025-09-17,17,9,September,3,2025,Wednesday,False
1023,2025-09-18,18,9,September,3,2025,Thursday,False
1024,2025-09-19,19,9,September,3,2025,Friday,False
1025,2025-09-20,20,9,September,3,2025,Saturday,True
1026,2025-09-21,21,9,September,3,2025,Sunday,True
1027,2025-09-22,22,9,September,3,2025,Monday,False
1028,2025-09-23,23,9,September,3,2025,Tuesday,False
1029,2025-09-24,24,9,September,3,2025,Wednesday,False
1030,2025-09-25,25,9,September,3,2025,Thursday,False
1031,2025-09-26,26,9,September,3,2025,Friday,False
1032,2025-09-27,27,9,September,3,2025,Saturday,True
1033,2025-09-28,28,9,September,3,2025,Sunday,True
1034,2025-09-29,29,9,September,3,2025,Monday,False
1035,2025-09-30,30,9,September,3,2025,Tuesday,False
1036,2025-10-01,1,10,October,4,2025,Wednesday,False
1037,2025-10-02,2,10,October,4,2025,Thursday,False
1038,2025-10-03,3,10,October,4,2025,Friday,False
1039,2025-10-04,4,10,October,4,2025,Saturday,True
1040,2025-10-05,5,10,October,4,2025,Sunday,True
1041,2025-10-06,6,10,October,4,2025,Monday,False
1042,2025-10-07,7,10,October,4,2025,Tuesday,False
1043,2025-10-08,8,10,October,4,2025,Wednesday,False
1044,2025-10-09,9,10,October,4,2025,Thursday,False
1045,2025-10-10,10,10,October,4,2025,Friday,False
1046,2025-10-11,11,10,October,4,2025,Saturday,True
1047,2025-10-12,12,10,October,4,2025,Sunday,True
1048,2025-10-13,13,10,October,4,2025,Monday,False
1049,2025-10-14,14,10,October,4,2025,Tuesday,False
1050,2025-10-15,15,10,October,4,2025,Wednesday,False
1051,2025-10-16,16,10,October,4,2025,Thursday,False
1052,2025-10-17,17,10,October,4,2025,Friday,False
1053,2025-10-18,18,10,October,4,2025,Saturday,True
1054,2025-10-19,19,10,October,4,2025,Sunday,True
1055,2025-10-20,20,10,October,4,2025,Monday,False
1056,2025-10-21,21,10,October,4,2025,Tuesday,False
1057,2025-10-22,22,10,October,4,2025,Wednesday,False
1058,2025-10-23,23,10,October,4,2025,Thursday,False
1059,2025-10-24,24,10,October,4,2025,Friday,False
1060,2025-10-25,25,10,October,4,2025,Saturday,True
1061,2025-10-26,26,10,October,4,2025,Sunday,True
1062,2025-10-27,27,10,October,4,2025,Monday,False
1063,2025-10-28,28,10,October,4,2025,Tuesday,False
1064,2025-10-29,29,10,October,4,2025,Wednesday,False
1065,2025-10-30,30,10,October,4,2025,Thursday,False
1066,2025-10-31,31,10,October,4,2025,Friday,False
1067,2025-11-01,1,11,November,4,2025,Saturday,True
1068,2025-11-02,2,11,November,4,2025,Sunday,True
1069,2025-11-03,3,11,November,4,2025,Monday,False
1070,2025-11-04,4,11,November,4,2025,Tuesday,False
1071,2025-11-05,5,11,November,4,2025,Wednesday,False
1072,2025-11-06,6,11,November,4,2025,Thursday,False
1073,2025-11-07,7,11,November,4,2025,Friday,False
1074,2025-11-08,8,11,November,4,2025,Saturday,True
1075,2025-11-09,9,11,November,4,2025,Sunday,True
1076,2025-11-10,10,11,November,4,2025,Monday,False
1077,2025-11-11,11,11,November,4,2025,Tuesday,False
1078,2025-11-12,12,11,November,4,2025,Wednesday,False
1079,2025-11-13,13,11,November,4,2025,Thursday,False
1080,2025-11-14,14,11,November,4,2025,Friday,False
1081,2025-11-15,15,11,November,4,2025,Saturday,True
1082,2025-11-16,16,11,November,4,2025,Sunday,True
1083,2025-11-17,17,11,November,4,2025,Monday,False
1084,2025-11-18,18,11,November,4,2025,Tuesday,False
1085,2025-11-19,19,11,November,4,2025,Wednesday,False
1086,2025-11-20,20,11,November,4,2025,Thursday,False
1087,2025-11-21,21,11,November,4,2025,Friday,False
1088,2025-11-22,22,11,November,4,2025,Saturday,True
1089,2025-11-23,23,11,November,4,2025,Sunday,True
1090,2025-11-24,24,11,November,4,2025,Monday,False
1091,2025-11-25,25,11,November,4,2025,Tuesday,False
1092,2025-11-26,26,11,November,4,2025,Wednesday,False
1093,2025-11-27,27,11,November,4,2025,Thursday,False
1094,2025-11-28,28,11,November,4,2025,Friday,False
1095,2025-11-29,29,11,November,4,2025,Saturday,True
1096,2025-11-30,30,11,November,4,2025,Sunday,True
1097,2025-12-01,1,12,December,4,2025,Monday,False
1098,2025-12-02,2,12,December,4,2025,Tuesday,False
1099,2025-12-03,3,12,December,4,2025,Wednesday,False
1100,2025-12-04,4,12,December,4,2025,Thursday,False
1101,2025-12-05,5,12,December,4,2025,Friday,False
1102,2025-12-06,6,12,December,4,2025,Saturday,True
1103,2025-12-07,7,12,December,4,2025,Sunday,True
1104,2025-12-08,8,12,December,4,2025,Monday,False
1105,2025-12-09,9,12,December,4,2025,Tuesday,False
1106,2025-12-10,10,12,December,4,2025,Wednesday,False
1107,2025-12-11,11,12,December,4,2025,Thursday,False
1108,2025-12-12,12,12,December,4,2025,Friday,False
1109,2025-12-13,13,12,December,4,2025,Saturday,True
1110,2025-12-14,14,12,December,4,2025,Sunday,True
1111,2025-12-15,15,12,December,4,2025,Monday,False
1112,2025-12-16,16,12,December,4,2025,Tuesday,False
1113,2025-12-17,17,12,December,4,2025,Wednesday,False
1114,2025-12-18,18,12,December,4,2025,Thursday,False
1115,2025-12-19,19,12,December,4,2025,Friday,False
1116,2025-12-20,20,12,December,4,2025,Saturday,True
1117,2025-12-21,21,12,December,4,2025,Sunday,True
1118,2025-12-22,22,12,December,4,2025,Monday,False
1119,2025-12-23,23,12,December,4,2025,Tuesday,False
1120,2025-12-24,24,12,December,4,2025,Wednesday,False
1121,2025-12-25,25,12,December,4,2025,Thursday,False
1122,2025-12-26,26,12,December,4,2025,Friday,False
1123,2025-12-27,27,12,December,4,2025,Saturday,True
1124,2025-12-28,28,12,December,4,2025,Sunday,True
1125,2025-12-29,29,12,December,4,2025,Monday,False
1126,2025-12-30,30,12,December,4,2025,Tuesday,False
1127,2025-12-31,31,12,December,4,2025,Wednesday,False
1128,2026-01-01,1,1,January,1,2026,Thursday,False
1129,2026-01-02,2,1,January,1,2026,Friday,False
1130,2026-01-03,3,1,January,1,2026,Saturday,True
1131,2026-01-04,4,1,January,1,2026,Sunday,True
1132,2026-01-05,5,1,January,1,2026,Monday,False
1133,2026-01-06,6,1,January,1,2026,Tuesday,False
1134,2026-01-07,7,1,January,1,2026,Wednesday,False
1135,2026-01-08,8,1,January,1,2026,Thursday,False
1136,2026-01-09,9,1,January,1,2026,Friday,False
1137,2026-01-10,10,1,January,1,2026,Saturday,True
1138,2026-01-11,11,1,January,1,2026,Sunday,True
1139,2026-01-12,12,1,January,1,2026,Monday,False
1140,2026-01-13,13,1,January,1,2026,Tuesday,False
1141,2026-01-14,14,1,January,1,2026,Wednesday,False
1142,2026-01-15,15,1,January,1,2026,Thursday,False
1143,2026-01-16,16,1,January,1,2026,Friday,False
1144,2026-01-17,17,1,January,1,2026,Saturday,True
1145,2026-01-18,18,1,January,1,2026,Sunday,True
1146,2026-01-19,19,1,January,1,2026,Monday,False
1147,2026-01-20,20,1,January,1,2026,Tuesday,False
1148,2026-01-21,21,1,January,1,2026,Wednesday,False
1149,2026-01-22,22,1,January,1,2026,Thursday,False
1150,2026-01-23,23,1,January,1,2026,Friday,False
1151,2026-01-24,24,1,January,1,2026,Saturday,True
1152,2026-01-25,25,1,January,1,2026,Sunday,True
1153,2026-01-26,26,1,January,1,2026,Monday,False
1154,2026-01-27,27,1,January,1,2026,Tuesday,False
1155,2026-01-28,28,1,January,1,2026,Wednesday,False
1156,2026-01-29,29,1,January,1,2026,Thursday,False
1157,2026-01-30,30,1,January,1,2026,Friday,False
1158,2026-01-31,31,1,January,1,2026,Saturday,True
1159,2026-02-01,1,2,February,1,2026,Sunday,True
